window_id,src_node,n_events,n_unique_targets,mean_prob,max_prob,dominant_type,dominant_target,target_concentration,src_out_degree,src_in_degree,src_pagerank,src_betweenness,next_dominant_target,next_target_bucket
0,192.168.1.193,884,2,0.999630467571644,1.0,backdoor,192.168.1.37,0.8144796380090498,2,2,0.3676019772818203,0.5,192.168.1.37,1
0,192.168.1.33,66,1,1.0,1.0,backdoor,192.168.1.193,1.0,1,1,0.23025685148841218,0.0,192.168.1.193,1
0,192.168.1.37,47,2,1.0,1.0,backdoor,192.168.1.193,0.9574468085106383,2,1,0.23025685148841218,0.3333333333333333,121.0.0.42,3
1,192.168.1.193,976,2,1.0,1.0,backdoor,192.168.1.37,0.8616803278688525,2,1,0.18433180314427816,0.16666666666666666,192.168.1.33,2
1,192.168.1.33,23,2,1.0,1.0,backdoor,192.168.1.193,0.9565217391304348,2,1,0.18433180314427816,0.08333333333333333,,0
1,192.168.1.37,1,1,1.0,1.0,backdoor,121.0.0.42,1.0,1,1,0.18433180314427816,0.16666666666666666,,0
2,192.168.1.193,1000,2,1.0,1.0,backdoor,192.168.1.33,0.536,2,0,0.25974050510584634,0.0,192.168.1.33,1
3,192.168.1.193,1000,2,1.0,1.0,backdoor,192.168.1.33,0.538,2,0,0.25974050510584634,0.0,192.168.1.33,1
4,192.168.1.193,1000,2,1.0,1.0,backdoor,192.168.1.33,0.53,2,0,0.25974050510584634,0.0,192.168.1.33,1
5,192.168.1.193,1000,2,1.0,1.0,backdoor,192.168.1.33,0.537,2,0,0.25974050510584634,0.0,192.168.1.33,1
6,192.168.1.193,1000,2,1.0,1.0,backdoor,192.168.1.33,0.538,2,0,0.25974050510584634,0.0,192.168.1.33,1
7,192.168.1.193,1000,2,1.0,1.0,backdoor,192.168.1.33,0.538,2,0,0.25974050510584634,0.0,192.168.1.33,1
8,192.168.1.193,1000,2,1.0,1.0,backdoor,192.168.1.33,0.548,2,0,0.25974050510584634,0.0,192.168.1.33,1
9,192.168.1.193,998,2,1.0,1.0,backdoor,192.168.1.33,0.5410821643286573,2,0,0.12088251142240913,0.0,192.168.1.33,1
9,192.168.1.33,1,1,1.0,1.0,backdoor,103.38.120.36,1.0,1,1,0.17225727572210187,0.08333333333333333,,0
9,192.168.1.37,1,1,1.0,1.0,backdoor,121.0.0.42,1.0,1,1,0.17225727572210187,0.08333333333333333,,0
10,192.168.1.193,1000,2,1.0,1.0,backdoor,192.168.1.33,0.52,2,0,0.25974050510584634,0.0,192.168.1.33,1
11,192.168.1.193,1000,2,1.0,1.0,backdoor,192.168.1.33,0.536,2,0,0.25974050510584634,0.0,192.168.1.33,1
12,192.168.1.193,1000,2,1.0,1.0,backdoor,192.168.1.33,0.529,2,0,0.25974050510584634,0.0,192.168.1.33,1
13,192.168.1.193,1000,2,1.0,1.0,backdoor,192.168.1.33,0.543,2,0,0.25974050510584634,0.0,192.168.1.33,1
14,192.168.1.193,1000,2,1.0,1.0,backdoor,192.168.1.33,0.531,2,0,0.25974050510584634,0.0,192.168.1.33,1
15,192.168.1.193,1000,2,1.0,1.0,backdoor,192.168.1.33,0.544,2,0,0.25974050510584634,0.0,192.168.1.33,1
16,192.168.1.193,1000,2,1.0,1.0,backdoor,192.168.1.33,0.541,2,0,0.25974050510584634,0.0,192.168.1.33,1
17,192.168.1.193,998,2,1.0,1.0,backdoor,192.168.1.33,0.5260521042084169,2,0,0.12088251142240913,0.0,192.168.1.33,1
17,192.168.1.33,1,1,1.0,1.0,backdoor,103.38.120.36,1.0,1,1,0.17225727572210187,0.08333333333333333,,0
17,192.168.1.37,1,1,0.9133333333333332,0.9133333333333332,backdoor,121.0.0.42,1.0,1,1,0.17225727572210187,0.08333333333333333,,0
18,192.168.1.193,711,2,1.0,1.0,backdoor,192.168.1.33,0.5428973277074542,2,0,0.07968118226903029,0.0,,0
18,192.168.1.30,272,4,1.0,1.0,ddos,192.168.1.184,0.8492647058823529,4,0,0.07968118226903029,0.0,192.168.1.184,1
18,192.168.1.31,16,3,1.0,1.0,ddos,52.59.177.21,0.6875,3,0,0.07968118226903029,0.0,,0
19,192.168.1.30,1000,2,0.9999955880222636,1.0,ddos,192.168.1.184,0.981,2,0,0.25974050510584634,0.0,192.168.1.184,1
20,192.168.1.30,1000,3,0.9999966666666666,1.0,ddos,192.168.1.184,0.967,3,0,0.2061857491852643,0.0,192.168.1.184,1
21,192.168.1.30,1000,4,0.9999233333333333,1.0,ddos,192.168.1.184,0.973,4,0,0.17094005169645404,0.0,192.168.1.184,1
22,192.168.1.30,999,4,0.9999188401957928,1.0,ddos,192.168.1.184,0.8498498498498499,4,0,0.17094005169645404,0.0,192.168.1.190,2
23,192.168.1.30,1000,4,0.9999955880222636,1.0,ddos,192.168.1.190,0.996,4,0,0.17094005169645404,0.0,192.168.1.190,1
24,192.168.1.30,1000,4,0.9999577940111318,1.0,ddos,192.168.1.190,0.995,4,0,0.17094005169645404,0.0,192.168.1.190,1
25,192.168.1.30,1000,4,0.9999077940111318,1.0,ddos,192.168.1.190,0.736,4,0,0.17094005169645404,0.0,192.168.1.190,1
26,192.168.1.30,1000,5,0.9999933820333955,1.0,ddos,192.168.1.190,0.738,5,0,0.14598556863940548,0.0,192.168.1.190,1
27,192.168.1.30,999,4,0.9999911672117391,1.0,ddos,192.168.1.190,0.7727727727727728,4,0,0.17094005169645404,0.0,192.168.1.190,1
28,192.168.1.30,1000,6,0.9998467640667911,1.0,ddos,192.168.1.190,0.534,6,0,0.12738858461984146,0.0,192.168.1.1,2
29,192.168.1.30,1000,5,0.9999211273444651,1.0,ddos,192.168.1.1,0.601,5,0,0.14598556863940548,0.0,192.168.1.1,1
30,192.168.1.30,994,6,0.9999833307177642,1.0,ddos,192.168.1.1,0.6509054325955734,6,0,0.07968118226903026,0.0,192.168.1.1,1
30,192.168.1.31,5,1,1.0,1.0,ddos,192.168.1.1,1.0,1,0,0.07968118226903026,0.0,,0
30,192.168.1.38,1,1,1.0,1.0,ddos,52.59.177.21,1.0,1,0,0.07968118226903026,0.0,52.59.177.21,1
31,192.168.1.30,998,6,0.9999766687041372,1.0,ddos,192.168.1.1,0.657314629258517,6,0,0.09345779247584732,0.0,192.168.1.1,1
31,192.168.1.38,2,1,1.0,1.0,ddos,52.59.177.21,1.0,1,0,0.09345779247584732,0.0,52.59.177.21,1
32,192.168.1.30,851,6,0.9999413028202846,1.0,ddos,192.168.1.1,0.600470035252644,6,0,0.06872858306175472,0.0,192.168.1.184,1
32,192.168.1.31,146,3,0.9998176851602432,1.0,ddos,192.168.1.152,0.9178082191780822,3,0,0.06872858306175472,0.0,192.168.1.184,2
32,192.168.1.38,2,1,1.0,1.0,ddos,52.59.177.21,1.0,1,0,0.06872858306175472,0.0,52.59.177.21,1
33,192.168.1.30,627,6,0.9997201883220459,1.0,ddos,192.168.1.184,0.4274322169059011,6,0,0.06872858306175472,0.0,192.168.1.1,1
33,192.168.1.31,372,5,0.9996418388892231,1.0,ddos,192.168.1.184,0.4838709677419355,5,0,0.06872858306175472,0.0,192.168.1.184,1
33,192.168.1.38,1,1,1.0,1.0,ddos,52.59.177.21,1.0,1,0,0.06872858306175472,0.0,52.59.177.21,1
34,192.168.1.30,531,6,0.9997172376042303,1.0,ddos,192.168.1.1,0.2730696798493409,6,0,0.06872858306175472,0.0,192.168.1.184,1
34,192.168.1.31,467,6,0.9997955232930635,1.0,ddos,192.168.1.184,0.6809421841541756,6,0,0.06872858306175472,0.0,192.168.1.184,1
34,192.168.1.38,1,1,1.0,1.0,ddos,52.59.177.21,1.0,1,0,0.06872858306175472,0.0,52.59.177.21,1
35,192.168.1.30,519,6,0.9999552294157823,1.0,ddos,192.168.1.184,0.4720616570327553,6,0,0.06872858306175474,0.0,192.168.1.184,1
35,192.168.1.31,478,7,0.9997818705490589,1.0,ddos,192.168.1.184,0.6108786610878661,7,0,0.06872858306175474,0.0,192.168.1.1,1
35,192.168.1.38,2,1,1.0,1.0,ddos,52.59.177.21,1.0,1,0,0.06872858306175474,0.0,52.59.177.21,1
36,192.168.1.30,283,6,0.9994852079351405,1.0,ddos,192.168.1.184,0.5512367491166078,6,0,0.0738008806956139,0.0,192.168.1.184,1
36,192.168.1.31,713,7,0.999855209069833,1.0,ddos,192.168.1.1,0.5357643758765779,7,0,0.0738008806956139,0.0,192.168.1.1,1
36,192.168.1.38,1,1,0.9966666666666668,0.9966666666666668,ddos,52.59.177.21,1.0,1,0,0.0738008806956139,0.0,,0
37,192.168.1.30,202,6,0.9998461453247376,1.0,ddos,192.168.1.184,0.5297029702970297,6,0,0.0738008806956139,0.0,192.168.1.184,1
37,192.168.1.31,795,7,0.9998645325647705,1.0,ddos,192.168.1.1,0.5924528301886792,7,0,0.0738008806956139,0.0,192.168.1.1,1
37,192.168.1.34,2,1,1.0,1.0,ddos,18.184.104.180,1.0,1,0,0.0738008806956139,0.0,18.184.104.180,1
38,192.168.1.30,651,9,0.9998652893840131,1.0,ddos,192.168.1.184,0.3686635944700461,9,0,0.05434791192327824,0.0,192.168.1.190,1
38,192.168.1.31,334,6,0.9995002667696264,1.0,ddos,192.168.1.1,0.5508982035928144,6,0,0.05434791192327824,0.0,192.168.1.1,1
38,192.168.1.34,2,1,1.0,1.0,ddos,18.184.104.180,1.0,1,0,0.05434791192327824,0.0,,0
38,192.168.1.39,13,8,1.0,1.0,dos,192.168.1.193,0.15384615384615385,8,0,0.05434791192327824,0.0,35.156.66.156,3
39,192.168.1.30,944,9,1.0,1.0,dos,192.168.1.190,0.2341101694915254,9,0,0.06430854072879195,0.0,192.168.1.152,2
39,192.168.1.31,24,1,1.0,1.0,dos,192.168.1.1,1.0,1,0,0.06430854072879195,0.0,192.168.1.1,1
39,192.168.1.39,32,8,0.9997916666666666,1.0,dos,35.156.66.156,0.125,8,0,0.06430854072879195,0.0,192.168.1.190,2
40,192.168.1.30,944,9,1.0,1.0,dos,192.168.1.152,0.24364406779661016,9,0,0.06430854072879195,0.0,192.168.1.190,1
40,192.168.1.31,24,1,1.0,1.0,dos,192.168.1.1,1.0,1,0,0.06430854072879195,0.0,192.168.1.1,1
40,192.168.1.39,32,8,1.0,1.0,dos,192.168.1.190,0.125,8,0,0.06430854072879195,0.0,192.168.1.190,1
41,192.168.1.30,944,10,0.999774011299435,1.0,dos,192.168.1.190,0.2680084745762712,10,0,0.06430854072879194,0.0,192.168.1.190,1
41,192.168.1.31,24,1,1.0,1.0,dos,192.168.1.1,1.0,1,0,0.06430854072879194,0.0,192.168.1.1,1
41,192.168.1.39,32,8,1.0,1.0,dos,192.168.1.190,0.125,8,0,0.06430854072879194,0.0,192.168.1.190,1
42,192.168.1.30,951,35,0.9995244942283195,1.0,dos,192.168.1.190,0.1808622502628812,35,0,0.024660946011451003,0.0,192.168.1.190,1
42,192.168.1.31,18,1,1.0,1.0,dos,192.168.1.1,1.0,1,0,0.024660946011451003,0.0,192.168.1.1,1
42,192.168.1.39,24,9,1.0,1.0,dos,192.168.1.190,0.125,9,0,0.024660946011451003,0.0,192.168.1.190,1
43,192.168.1.30,930,52,0.9992506202054784,1.0,dos,192.168.1.190,0.16129032258064516,52,0,0.01707942264349434,0.0,192.168.1.190,1
43,192.168.1.31,27,1,1.0,1.0,dos,192.168.1.1,1.0,1,0,0.01707942264349434,0.0,192.168.1.1,1
43,192.168.1.39,35,8,1.0,1.0,dos,192.168.1.190,0.14285714285714285,8,0,0.01707942264349434,0.0,192.168.1.194,2
44,192.168.1.30,932,9,1.0,1.0,dos,192.168.1.190,0.21781115879828325,9,0,0.06430854072879195,0.0,192.168.1.152,1
44,192.168.1.31,30,1,1.0,1.0,dos,192.168.1.1,1.0,1,0,0.06430854072879195,0.0,192.168.1.1,1
44,192.168.1.39,38,8,1.0,1.0,dos,192.168.1.194,0.13157894736842105,8,0,0.06430854072879195,0.0,192.168.1.190,1
45,192.168.1.30,940,10,1.0,1.0,dos,192.168.1.152,0.23297872340425532,10,0,0.06042288752708478,0.0,192.168.1.193,2
45,192.168.1.31,24,1,1.0,1.0,dos,192.168.1.1,1.0,1,0,0.06042288752708478,0.0,192.168.1.1,1
45,192.168.1.39,35,8,1.0,1.0,dos,192.168.1.190,0.14285714285714285,8,0,0.06042288752708478,0.0,192.168.1.184,2
46,192.168.1.30,932,10,0.9999606580829757,1.0,dos,192.168.1.193,0.24248927038626608,10,0,0.06430854072879195,0.0,192.168.1.190,1
46,192.168.1.31,30,1,1.0,1.0,dos,192.168.1.1,1.0,1,0,0.06430854072879195,0.0,192.168.1.1,1
46,192.168.1.39,36,9,1.0,1.0,dos,192.168.1.184,0.1388888888888889,9,0,0.06430854072879195,0.0,192.168.1.190,1
47,192.168.1.190,1,1,1.0,1.0,dos,192.168.1.30,1.0,1,2,0.07416378036348921,0.022727272727272728,,0
47,192.168.1.30,935,9,1.0,1.0,dos,192.168.1.190,0.21818181818181817,9,1,0.11984785362678038,0.07575757575757576,192.168.1.193,1
47,192.168.1.31,25,1,1.0,1.0,dos,192.168.1.1,1.0,1,0,0.056808732038213364,0.0,192.168.1.1,1
47,192.168.1.39,38,8,1.0,1.0,dos,192.168.1.190,0.13157894736842105,8,0,0.056808732038213364,0.0,18.195.161.8,3
48,192.168.1.30,925,9,0.999981981981982,1.0,dos,192.168.1.193,0.21405405405405406,9,0,0.06430854072879194,0.0,192.168.1.193,1
48,192.168.1.31,33,1,1.0,1.0,dos,192.168.1.1,1.0,1,0,0.06430854072879194,0.0,192.168.1.1,1
48,192.168.1.39,40,8,0.9999166666666668,1.0,dos,18.195.161.8,0.15,8,0,0.06430854072879194,0.0,192.168.1.190,1
49,192.168.1.30,890,9,0.9999925093632959,1.0,dos,192.168.1.193,0.22247191011235956,9,0,0.046403441107900845,0.0,192.168.1.190,1
49,192.168.1.31,69,7,0.9990821256038648,1.0,dos,192.168.1.1,0.9130434782608695,7,0,0.046403441107900845,0.0,192.168.1.1,1
49,192.168.1.39,39,8,0.99991452991453,1.0,dos,192.168.1.190,0.1282051282051282,8,0,0.046403441107900845,0.0,18.195.161.8,1
50,192.168.1.30,924,9,0.9999278499278499,1.0,dos,192.168.1.190,0.22294372294372294,9,0,0.06430854072879194,0.0,192.168.1.190,1
50,192.168.1.31,36,1,1.0,1.0,dos,192.168.1.1,1.0,1,0,0.06430854072879194,0.0,192.168.1.1,1
50,192.168.1.39,40,8,0.9999166666666668,1.0,dos,18.195.161.8,0.125,8,0,0.06430854072879194,0.0,18.195.161.8,1
51,192.168.1.30,931,9,1.0,1.0,dos,192.168.1.190,0.23845327604726102,9,0,0.06430854072879194,0.0,192.168.1.190,1
51,192.168.1.31,30,1,1.0,1.0,dos,192.168.1.1,1.0,1,0,0.06430854072879194,0.0,192.168.1.1,1
51,192.168.1.39,39,8,0.9998290598290598,1.0,dos,18.195.161.8,0.1282051282051282,8,0,0.06430854072879194,0.0,176.28.50.165,3
52,192.168.1.30,930,9,1.0,1.0,dos,192.168.1.190,0.22043010752688172,9,0,0.06430854072879194,0.0,192.168.1.193,1
52,192.168.1.31,29,1,1.0,1.0,dos,192.168.1.1,1.0,1,0,0.06430854072879194,0.0,192.168.1.1,1
52,192.168.1.39,41,8,1.0,1.0,dos,176.28.50.165,0.14634146341463414,8,0,0.06430854072879194,0.0,192.168.1.190,1
53,192.168.1.30,932,11,1.0,1.0,dos,192.168.1.193,0.2832618025751073,11,0,0.06042288752708477,0.0,192.168.1.190,1
53,192.168.1.31,28,1,1.0,1.0,dos,192.168.1.1,1.0,1,0,0.06042288752708477,0.0,192.168.1.1,1
53,192.168.1.39,40,9,1.0,1.0,dos,192.168.1.190,0.125,9,0,0.06042288752708477,0.0,35.156.66.156,1
54,192.168.1.30,952,9,0.9999544817927172,1.0,dos,192.168.1.190,0.2184873949579832,9,0,0.06430854072879195,0.0,192.168.1.190,1
54,192.168.1.31,22,1,1.0,1.0,dos,192.168.1.1,1.0,1,0,0.06430854072879195,0.0,192.168.1.1,1
54,192.168.1.39,26,8,0.9984615384615385,1.0,dos,35.156.66.156,0.15384615384615385,8,0,0.06430854072879195,0.0,192.168.1.193,1
55,192.168.1.30,930,10,1.0,1.0,dos,192.168.1.190,0.2010752688172043,10,0,0.06042288752708478,0.0,192.168.1.190,1
55,192.168.1.31,35,2,1.0,1.0,dos,192.168.1.1,0.9714285714285714,2,0,0.06042288752708478,0.0,192.168.1.1,1
55,192.168.1.39,33,9,0.9984848484848485,1.0,dos,192.168.1.193,0.15151515151515152,9,0,0.06042288752708478,0.0,192.168.1.152,2
56,192.168.1.30,887,10,1.0,1.0,dos,192.168.1.190,0.2254791431792559,10,0,0.06430854072879195,0.0,192.168.1.152,1
56,192.168.1.31,62,1,0.9998924731182796,1.0,dos,192.168.1.1,1.0,1,0,0.06430854072879195,0.0,192.168.1.190,2
56,192.168.1.39,51,9,1.0,1.0,dos,192.168.1.152,0.13725490196078433,9,0,0.06430854072879195,0.0,18.195.161.8,1
57,192.168.1.30,634,9,1.0,1.0,dos,192.168.1.152,0.24921135646687698,9,0,0.053908496593467484,0.0,18.184.104.180,3
57,192.168.1.31,343,6,1.0,1.0,injection,192.168.1.190,0.46355685131195334,6,0,0.053908496593467484,0.0,192.168.1.190,1
57,192.168.1.39,23,8,1.0,1.0,dos,18.195.161.8,0.13043478260869565,8,0,0.053908496593467484,0.0,,0
58,192.168.1.30,684,5,0.999995126705653,1.0,injection,18.184.104.180,0.4473684210526316,5,0,0.08547002584822701,0.0,52.59.177.21,3
58,192.168.1.31,316,6,1.0,1.0,injection,192.168.1.190,0.5063291139240507,6,0,0.08547002584822701,0.0,192.168.1.195,2
59,192.168.1.30,50,8,0.9999333333333333,1.0,injection,52.59.177.21,0.5,8,0,0.0636940633300644,0.0,192.168.1.195,2
59,192.168.1.31,949,6,0.9999894625922023,1.0,injection,192.168.1.195,0.35089567966280294,6,0,0.0636940633300644,0.0,192.168.1.195,1
60,192.168.1.30,348,4,1.0,1.0,injection,192.168.1.195,0.9568965517241379,4,0,0.11494244670244956,0.0,192.168.1.190,1
60,192.168.1.31,652,4,0.9999948875255624,1.0,injection,192.168.1.195,0.6993865030674846,4,0,0.11494244670244956,0.0,192.168.1.195,1
61,192.168.1.30,536,7,0.9998715062396738,1.0,injection,192.168.1.190,0.4048507462686567,7,0,0.08547002584822702,0.0,192.168.1.152,1
61,192.168.1.31,464,6,0.9999904914272925,1.0,injection,192.168.1.195,0.44396551724137934,6,0,0.08547002584822702,0.0,192.168.1.152,1
62,192.168.1.30,832,5,0.9998651370326104,1.0,injection,192.168.1.152,0.53125,5,0,0.11494244670244956,0.0,52.59.177.21,1
62,192.168.1.31,166,4,0.9999598393574297,1.0,injection,192.168.1.152,0.9397590361445783,4,0,0.11494244670244956,0.0,192.168.1.195,1
63,192.168.1.30,501,3,1.0,1.0,injection,52.59.177.21,0.9920159680638723,3,0,0.11494244670244955,0.0,192.168.1.152,1
63,192.168.1.31,499,4,1.0,1.0,injection,192.168.1.195,0.5210420841683366,4,0,0.11494244670244955,0.0,192.168.1.195,1
64,192.168.1.30,561,6,0.9999821746880571,1.0,injection,192.168.1.152,0.3083778966131907,6,0,0.09345779247584735,0.0,192.168.1.190,1
64,192.168.1.31,439,4,0.9999924069855732,1.0,injection,192.168.1.195,0.744874715261959,4,0,0.09345779247584735,0.0,18.184.104.180,3
65,192.168.1.30,963,6,0.999944617514711,1.0,injection,192.168.1.190,0.44963655244029077,6,0,0.10309287459263214,0.0,192.168.1.152,1
65,192.168.1.31,37,1,1.0,1.0,injection,18.184.104.180,1.0,1,0,0.10309287459263214,0.0,18.184.104.180,1
66,192.168.1.30,986,3,0.9998073022312373,1.0,injection,192.168.1.152,0.49594320486815413,3,0,0.14925385244522876,0.0,18.184.104.180,1
66,192.168.1.31,14,1,1.0,1.0,injection,18.184.104.180,1.0,1,0,0.14925385244522876,0.0,18.184.104.180,1
67,192.168.1.30,953,6,0.9999685204616999,1.0,injection,18.184.104.180,0.5582371458551941,6,0,0.10309287459263212,0.0,18.184.104.180,1
67,192.168.1.31,47,2,0.9999290780141845,1.0,injection,18.184.104.180,0.8936170212765957,2,0,0.10309287459263212,0.0,192.168.1.195,1
68,192.168.1.30,298,1,0.9999328859060403,1.0,injection,18.184.104.180,1.0,1,0,0.10309287459263214,0.0,18.184.104.180,1
68,192.168.1.31,702,6,0.9999952516619184,1.0,injection,192.168.1.195,0.47150997150997154,6,0,0.10309287459263214,0.0,192.168.1.190,1
69,192.168.1.30,61,7,1.0,1.0,injection,18.184.104.180,0.5081967213114754,7,0,0.07874032328237898,0.0,192.168.1.1,1
69,192.168.1.31,938,6,0.9998753483913592,1.0,injection,192.168.1.190,0.3422174840085288,6,0,0.07874032328237898,0.0,192.168.1.190,1
70,192.168.1.30,1,1,1.0,1.0,injection,192.168.1.1,1.0,1,0,0.10309287459263214,0.0,,0
70,192.168.1.31,999,6,0.9999933266599933,1.0,injection,192.168.1.190,0.4134134134134134,6,0,0.10309287459263214,0.0,192.168.1.152,1
71,192.168.1.31,999,4,0.9999232565899232,1.0,injection,192.168.1.152,0.5215215215215215,4,0,0.17094005169645404,0.0,52.59.177.21,1
72,192.168.1.30,6,4,0.9966666666666667,1.0,injection,103.38.120.36,0.3333333333333333,4,0,0.0854704361869,0.0,103.38.120.36,1
72,192.168.1.31,994,5,1.0,1.0,injection,52.59.177.21,0.8018108651911469,5,0,0.0854704361869,0.0,192.168.1.190,1
73,192.168.1.30,1,1,1.0,1.0,injection,103.38.120.36,1.0,1,0,0.08547002584822701,0.0,,0
73,192.168.1.31,999,7,0.99998998998999,1.0,injection,192.168.1.190,0.40540540540540543,7,0,0.08547002584822701,0.0,192.168.1.190,1
74,192.168.1.31,1000,4,0.9998933333333333,1.0,injection,192.168.1.190,0.51,4,0,0.17094005169645404,0.0,192.168.1.152,1
75,192.168.1.31,1000,6,0.9999966666666666,1.0,injection,192.168.1.152,0.377,6,0,0.12738858461984146,0.0,18.184.104.180,1
76,192.168.1.30,591,8,0.9996428449333283,1.0,injection,176.28.50.165,0.3147208121827411,8,0,0.08547002584822704,0.0,192.168.1.190,1
76,192.168.1.31,408,3,0.9999509803921569,1.0,injection,18.184.104.180,0.9632352941176471,3,0,0.08547002584822704,0.0,192.168.1.1,1
77,192.168.1.152,1,1,1.0,1.0,mitm,192.168.1.34,1.0,1,3,0.016942291765650076,0.013461538461538462,192.168.1.31,2
77,192.168.1.169,1,1,1.0,1.0,mitm,192.168.1.34,1.0,1,1,0.014727962484460514,0.0,,0
77,192.168.1.30,473,6,0.9996993530890737,1.0,injection,192.168.1.190,0.7463002114164905,6,0,0.013861432823429718,0.0,,0
77,192.168.1.31,364,47,0.9994170165140984,1.0,injection,192.168.1.1,0.45879120879120877,47,0,0.013861432823429718,0.0,192.168.1.1,1
77,192.168.1.34,144,40,0.9956481481481482,1.0,mitm,192.168.1.1,0.5555555555555556,40,2,0.04078187410015909,0.03173076923076923,192.168.1.1,1
78,192.168.1.1,2,1,1.0,1.0,mitm,192.168.1.31,1.0,1,2,0.01026674143155742,0.0011513157894736843,,0
78,192.168.1.152,1,1,1.0,1.0,mitm,192.168.1.31,1.0,1,1,0.010157458510204826,0.0,,0
78,192.168.1.195,2,1,1.0,1.0,mitm,192.168.1.31,1.0,1,2,0.01026674143155742,0.0011513157894736843,,0
78,192.168.1.31,317,59,0.99732912723449,1.0,mitm,192.168.1.1,0.6435331230283912,59,3,0.0357305887390953,0.021271929824561404,,0
78,192.168.1.34,362,75,0.9955340699815838,1.0,mitm,192.168.1.1,0.430939226519337,75,0,0.00964278756911827,0.0,,0
100,192.168.1.180,1,1,0.9533333333333334,0.9533333333333334,normal,103.126.53.123,1.0,1,0,0.3508773619358619,0.0,,0
101,192.168.1.190,1,1,0.9933333333333332,0.9933333333333332,normal,208.84.2.53,1.0,1,0,0.12987025255292317,0.0,,0
101,192.168.1.195,3,3,0.9811111111111112,1.0,normal,34.213.135.138,0.3333333333333333,3,0,0.12987025255292317,0.0,13.107.3.128,3
102,192.168.1.1,1,1,0.938628423256736,0.938628423256736,normal,192.168.1.195,1.0,1,0,0.15570285940036888,0.0,,0
102,192.168.1.195,2,2,0.9965383955474705,0.9966666666666668,normal,13.107.3.128,0.5,2,1,0.28804972339985113,0.3333333333333333,,0
103,192.168.1.180,4,4,0.9725,1.0,normal,172.217.167.77,0.25,4,0,0.0852469718480246,0.0,,0
103,192.168.1.190,4,2,0.9863970055659174,1.0,normal,192.168.1.195,0.75,2,1,0.1033619188910424,0.03571428571428571,,0
103,fe80::ffff:ffff:ffff,1,1,0.9966666666666668,0.9966666666666668,normal,ff02::2,1.0,1,0,0.0852469718480246,0.0,,0
105,192.168.1.180,2,2,0.98,1.0,normal,216.58.200.99,0.5,2,0,0.25974050510584634,0.0,,0
107,192.168.1.1,1,1,1.0,1.0,normal,192.168.1.195,1.0,1,0,0.3508773619358619,0.0,,0
109,192.168.1.152,1,1,0.9033333333333332,0.9033333333333332,normal,192.168.1.195,1.0,1,0,0.3508773619358619,0.0,,0
110,192.168.1.180,1,1,1.0,1.0,normal,13.211.167.211,1.0,1,0,0.3508773619358619,0.0,,0
112,192.168.1.180,1,1,0.9566666666666668,0.9566666666666668,normal,203.206.205.83,1.0,1,0,0.3508773619358619,0.0,,0
114,192.168.1.180,1,1,0.97,0.97,normal,103.214.220.220,1.0,1,0,0.3508773619358619,0.0,13.211.167.211,1
115,192.168.1.180,1,1,1.0,1.0,normal,13.211.167.211,1.0,1,0,0.10507958570410822,0.0,,0
115,192.168.1.194,1,1,0.9133333333333332,0.9133333333333332,normal,192.168.1.194,1.0,1,1,0.7005228291192576,0.0,,0
120,192.168.1.180,1,1,1.0,1.0,normal,144.48.166.166,1.0,1,0,0.07299278431970271,0.0,,0
120,192.168.1.31,258,9,0.9999268501723456,1.0,password,192.168.1.190,0.38372093023255816,9,0,0.07299278431970271,0.0,192.168.1.190,1
121,192.168.1.30,413,9,0.9999785165725549,1.0,password,192.168.1.190,0.4600484261501211,9,0,0.07874032328237897,0.0,192.168.1.190,1
121,192.168.1.31,586,9,0.9999924710277537,1.0,password,192.168.1.190,0.4197952218430034,9,0,0.07874032328237897,0.0,192.168.1.190,1
122,192.168.1.30,506,8,0.9999956403382052,1.0,password,192.168.1.190,0.40118577075098816,8,0,0.07874032328237898,0.0,192.168.1.190,1
122,192.168.1.31,494,9,0.9999910688709791,1.0,password,192.168.1.190,0.4008097165991903,9,0,0.07874032328237898,0.0,192.168.1.190,1
123,192.168.1.30,495,9,0.999991086913664,1.0,password,192.168.1.190,0.4,9,0,0.078740323282379,0.0,192.168.1.190,1
123,192.168.1.31,505,7,0.9999956317052116,1.0,password,192.168.1.190,0.4376237623762376,7,0,0.078740323282379,0.0,192.168.1.190,1
124,192.168.1.30,501,9,0.999991193657213,1.0,password,192.168.1.190,0.4091816367265469,9,0,0.078740323282379,0.0,192.168.1.190,1
124,192.168.1.31,499,7,0.9999911583612499,1.0,password,192.168.1.190,0.39478957915831664,7,0,0.078740323282379,0.0,192.168.1.190,1
125,192.168.1.30,507,8,0.9999956489371437,1.0,password,192.168.1.190,0.4161735700197239,8,0,0.08547002584822702,0.0,192.168.1.190,1
125,192.168.1.31,493,7,0.9999910507550988,1.0,password,192.168.1.190,0.40162271805273836,7,0,0.08547002584822702,0.0,192.168.1.190,1
126,192.168.1.30,479,7,0.9999907891905296,1.0,password,192.168.1.190,0.3674321503131524,7,0,0.05988011263034294,0.0,192.168.1.190,1
126,192.168.1.31,520,13,0.9998569000428148,1.0,password,192.168.1.190,0.38076923076923075,13,0,0.05988011263034294,0.0,192.168.1.190,1
127,192.168.1.30,493,7,0.9999910507550988,1.0,password,192.168.1.190,0.40162271805273836,7,0,0.07874032328237897,0.0,192.168.1.190,1
127,192.168.1.31,507,9,0.9999956489371437,1.0,password,192.168.1.190,0.3905325443786982,9,0,0.07874032328237897,0.0,192.168.1.190,1
128,192.168.1.30,490,7,0.9999909959638035,1.0,password,192.168.1.190,0.40408163265306124,7,0,0.08547002584822702,0.0,192.168.1.190,1
128,192.168.1.31,510,8,0.9999652052724124,1.0,password,192.168.1.190,0.38823529411764707,8,0,0.08547002584822702,0.0,192.168.1.190,1
129,192.168.1.30,517,20,0.9997077782506711,1.0,password,192.168.1.190,0.38104448742746616,20,0,0.04219408384425867,0.0,192.168.1.190,1
129,192.168.1.31,480,9,0.9999769194908271,1.0,password,192.168.1.190,0.41041666666666665,9,0,0.04219408384425867,0.0,192.168.1.190,1
130,192.168.1.30,463,8,0.9999857063356274,1.0,password,192.168.1.190,0.36285097192224625,8,0,0.06802725537017872,0.0,192.168.1.190,1
130,192.168.1.31,537,11,0.9999297107801309,1.0,password,192.168.1.190,0.3687150837988827,11,0,0.06802725537017872,0.0,192.168.1.190,1
131,192.168.1.30,509,8,0.9999913320673157,1.0,password,192.168.1.190,0.40078585461689586,8,0,0.08547043618690002,0.0,192.168.1.190,1
131,192.168.1.31,491,8,0.9999910143019627,1.0,password,192.168.1.190,0.40122199592668023,8,0,0.08547043618690002,0.0,192.168.1.190,1
132,192.168.1.30,491,8,0.9999955071509813,1.0,password,192.168.1.190,0.40122199592668023,8,0,0.08547043618690002,0.0,192.168.1.190,1
132,192.168.1.31,508,8,0.9999847533246661,1.0,password,192.168.1.190,0.42322834645669294,8,0,0.08547043618690002,0.0,192.168.1.190,1
133,192.168.1.30,500,7,0.9999911760445274,1.0,password,192.168.1.190,0.396,7,0,0.09345779247584735,0.0,192.168.1.190,1
133,192.168.1.31,500,7,0.9999955880222636,1.0,password,192.168.1.190,0.41,7,0,0.09345779247584735,0.0,192.168.1.190,1
134,192.168.1.30,509,7,0.9999913320673157,1.0,password,192.168.1.190,0.3889980353634578,7,0,0.09345779247584735,0.0,192.168.1.190,1
134,192.168.1.31,491,7,0.9999910143019627,1.0,password,192.168.1.190,0.3727087576374745,7,0,0.09345779247584735,0.0,192.168.1.190,1
135,192.168.1.30,503,7,0.9999912286724925,1.0,password,192.168.1.190,0.3956262425447316,7,0,0.09345779247584735,0.0,192.168.1.190,1
135,192.168.1.31,497,7,0.9999911227812147,1.0,password,192.168.1.190,0.386317907444668,7,0,0.09345779247584735,0.0,192.168.1.190,1
136,192.168.1.30,493,8,0.9999910507550988,1.0,password,192.168.1.190,0.3995943204868154,8,0,0.08547002584822702,0.0,192.168.1.190,1
136,192.168.1.31,507,7,0.9999912978742873,1.0,password,192.168.1.190,0.4319526627218935,7,0,0.08547002584822702,0.0,192.168.1.190,1
137,192.168.1.30,484,9,0.99999088434352,1.0,password,192.168.1.190,0.40702479338842973,9,0,0.04608293192859375,0.0,192.168.1.190,1
137,192.168.1.31,514,18,0.9999525058798904,1.0,password,192.168.1.190,0.36186770428015563,18,0,0.04608293192859375,0.0,192.168.1.190,1
138,192.168.1.30,505,8,0.9999956317052116,1.0,password,192.168.1.190,0.4297029702970297,8,0,0.08547043618690002,0.0,192.168.1.190,1
138,192.168.1.31,494,8,0.9999752915205098,1.0,password,192.168.1.190,0.42105263157894735,8,0,0.08547043618690002,0.0,192.168.1.190,1
139,192.168.1.30,499,8,0.9999911583612499,1.0,password,192.168.1.190,0.40480961923847697,8,0,0.08547043618690002,0.0,192.168.1.190,1
139,192.168.1.31,501,8,0.9999379667776387,1.0,password,192.168.1.190,0.39520958083832336,8,0,0.08547043618690002,0.0,192.168.1.190,1
140,192.168.1.193,19,1,0.9967699170135125,1.0,ransomware,192.168.1.33,1.0,1,4,0.14301464705445044,0.03205128205128205,192.168.1.37,1
140,192.168.1.30,302,8,0.9999926954010987,1.0,password,192.168.1.190,0.40728476821192056,8,0,0.04454649824013736,0.0,,0
140,192.168.1.31,300,9,0.9999926467037727,1.0,password,192.168.1.190,0.41,9,0,0.04454649824013736,0.0,,0
140,192.168.1.33,227,2,0.9991837413266558,1.0,ransomware,192.168.1.193,0.9559471365638766,2,1,0.1661108254940498,0.019230769230769232,192.168.1.193,1
140,192.168.1.37,136,2,0.9993527912765543,1.0,ransomware,192.168.1.193,0.9338235294117647,2,0,0.04454649824013736,0.0,192.168.1.193,1
141,192.168.1.193,51,2,0.9963899072503962,1.0,ransomware,192.168.1.37,0.6862745098039216,2,2,0.48648582432442095,1.0,192.168.1.33,1
141,192.168.1.33,477,1,0.9993240130101383,1.0,ransomware,192.168.1.193,1.0,1,1,0.25675708783778944,0.0,192.168.1.193,1
141,192.168.1.37,465,1,0.9991258490464181,1.0,ransomware,192.168.1.193,1.0,1,1,0.25675708783778944,0.0,192.168.1.193,1
142,192.168.1.193,96,2,0.9980821382267729,1.0,ransomware,192.168.1.33,0.6770833333333334,2,2,0.48648582432442095,1.0,192.168.1.33,1
142,192.168.1.33,429,1,0.9991917183659639,1.0,ransomware,192.168.1.193,1.0,1,1,0.25675708783778944,0.0,192.168.1.193,1
142,192.168.1.37,471,1,0.9992038356360199,1.0,ransomware,192.168.1.193,1.0,1,1,0.25675708783778944,0.0,192.168.1.193,1
143,192.168.1.193,38,2,0.9951548755202686,1.0,ransomware,192.168.1.33,0.6578947368421053,2,2,0.48648582432442095,1.0,192.168.1.33,1
143,192.168.1.33,627,1,0.9991963535569126,1.0,ransomware,192.168.1.193,1.0,1,1,0.25675708783778944,0.0,192.168.1.193,1
143,192.168.1.37,333,1,0.9992413360262473,1.0,ransomware,192.168.1.193,1.0,1,1,0.25675708783778944,0.0,192.168.1.193,1
144,192.168.1.193,145,2,0.9987302432397945,1.0,ransomware,192.168.1.33,0.6137931034482759,2,2,0.48648582432442095,1.0,192.168.1.33,1
144,192.168.1.33,266,1,0.9993034183501911,1.0,ransomware,192.168.1.193,1.0,1,1,0.25675708783778944,0.0,192.168.1.193,1
144,192.168.1.37,587,1,0.999240327639835,1.0,ransomware,192.168.1.193,1.0,1,1,0.25675708783778944,0.0,192.168.1.193,1
145,192.168.1.193,223,2,0.9991743734070413,1.0,ransomware,192.168.1.33,0.6367713004484304,2,2,0.48648582432442095,1.0,192.168.1.33,1
145,192.168.1.33,506,1,0.9992790798947462,1.0,ransomware,192.168.1.193,1.0,1,1,0.25675708783778944,0.0,192.168.1.193,1
145,192.168.1.37,264,1,0.9992981412164804,1.0,ransomware,192.168.1.193,1.0,1,1,0.25675708783778944,0.0,192.168.1.193,1
146,192.168.1.193,37,2,0.9983413087366686,1.0,ransomware,192.168.1.33,0.972972972972973,2,2,0.48648582432442095,1.0,192.168.1.33,1
146,192.168.1.33,515,1,0.9994174736618042,1.0,ransomware,192.168.1.193,1.0,1,1,0.25675708783778944,0.0,192.168.1.193,1
146,192.168.1.37,446,1,0.999416475077901,1.0,ransomware,192.168.1.193,1.0,1,1,0.25675708783778944,0.0,192.168.1.193,1
147,192.168.1.193,158,2,0.9992231445981865,1.0,ransomware,192.168.1.33,0.6329113924050633,2,2,0.48648582432442095,1.0,192.168.1.33,1
147,192.168.1.33,323,1,0.9992691343278496,1.0,ransomware,192.168.1.193,1.0,1,1,0.25675708783778944,0.0,192.168.1.193,1
147,192.168.1.37,518,1,0.9993108867506222,1.0,ransomware,192.168.1.193,1.0,1,1,0.25675708783778944,0.0,192.168.1.193,1
148,192.168.1.193,105,2,0.9982465263787639,1.0,ransomware,192.168.1.33,0.7523809523809524,2,2,0.48648582432442095,1.0,192.168.1.33,1
148,192.168.1.33,613,1,0.9991760305655921,1.0,ransomware,192.168.1.193,1.0,1,1,0.25675708783778944,0.0,192.168.1.193,1
148,192.168.1.37,279,1,0.9993738421671636,1.0,ransomware,192.168.1.193,1.0,1,1,0.25675708783778944,0.0,192.168.1.193,1
149,192.168.1.193,26,2,0.9976395547406438,1.0,ransomware,192.168.1.33,0.5,2,2,0.48648582432442095,1.0,192.168.1.33,1
149,192.168.1.33,527,1,0.9992148088453535,1.0,ransomware,192.168.1.193,1.0,1,1,0.25675708783778944,0.0,192.168.1.193,1
149,192.168.1.37,444,1,0.9992998782313418,1.0,ransomware,192.168.1.193,1.0,1,1,0.25675708783778944,0.0,192.168.1.193,1
150,192.168.1.193,22,1,0.9972103828753063,1.0,ransomware,192.168.1.33,1.0,1,2,0.48648582432442095,0.5,192.168.1.33,1
150,192.168.1.33,843,1,0.9993454162926858,1.0,ransomware,192.168.1.193,1.0,1,1,0.46351417567557884,0.0,192.168.1.193,1
150,192.168.1.37,134,1,0.9995264698363768,1.0,ransomware,192.168.1.193,1.0,1,0,0.05,0.0,192.168.1.193,1
151,192.168.1.193,29,2,0.9936512161989728,1.0,ransomware,192.168.1.33,0.5172413793103449,2,2,0.48648582432442095,1.0,192.168.1.33,1
151,192.168.1.33,338,1,0.999273800733384,1.0,ransomware,192.168.1.193,1.0,1,1,0.25675708783778944,0.0,192.168.1.193,1
151,192.168.1.37,631,1,0.9993209877849462,1.0,ransomware,192.168.1.193,1.0,1,1,0.25675708783778944,0.0,192.168.1.193,1
152,192.168.1.193,55,2,0.9988841531501225,1.0,ransomware,192.168.1.33,0.7272727272727273,2,2,0.48648582432442095,1.0,192.168.1.33,1
152,192.168.1.33,499,1,0.999317845346648,1.0,ransomware,192.168.1.193,1.0,1,1,0.25675708783778944,0.0,192.168.1.193,1
152,192.168.1.37,444,1,0.9992905276455069,1.0,ransomware,192.168.1.193,1.0,1,1,0.25675708783778944,0.0,192.168.1.193,1
153,192.168.1.193,79,2,0.9976694337945595,1.0,ransomware,192.168.1.33,0.6455696202531646,2,2,0.48648582432442095,1.0,192.168.1.33,1
153,192.168.1.33,469,1,0.999356012559037,1.0,ransomware,192.168.1.193,1.0,1,1,0.25675708783778944,0.0,192.168.1.193,1
153,192.168.1.37,449,1,0.9992004683545245,1.0,ransomware,192.168.1.193,1.0,1,1,0.25675708783778944,0.0,192.168.1.193,1
154,192.168.1.193,27,2,0.9931809359174152,1.0,ransomware,192.168.1.33,0.5555555555555556,2,2,0.48648582432442095,1.0,192.168.1.33,1
154,192.168.1.33,280,1,0.999221928869213,1.0,ransomware,192.168.1.193,1.0,1,1,0.25675708783778944,0.0,192.168.1.193,1
154,192.168.1.37,688,1,0.9993178952377851,1.0,ransomware,192.168.1.193,1.0,1,1,0.25675708783778944,0.0,192.168.1.193,1
155,192.168.1.193,62,2,0.9990101358589797,1.0,ransomware,192.168.1.33,0.9193548387096774,2,2,0.25239642198625406,0.006535947712418301,,0
155,192.168.1.30,342,12,1.0,1.0,scanning,192.168.1.103,0.20175438596491227,12,0,0.025940340370190145,0.0,192.168.1.169,2
155,192.168.1.31,161,7,1.0,1.0,scanning,192.168.1.133,0.33540372670807456,7,0,0.025940340370190145,0.0,192.168.1.133,1
155,192.168.1.32,158,8,1.0,1.0,scanning,192.168.1.133,0.3291139240506329,8,0,0.025940340370190145,0.0,192.168.1.49,2
155,192.168.1.33,245,1,0.9992673679411868,1.0,ransomware,192.168.1.193,1.0,1,1,0.13320513063819625,0.0,,0
155,192.168.1.37,28,1,0.9998424293665595,1.0,ransomware,192.168.1.193,1.0,1,1,0.13320513063819625,0.0,,0
156,192.168.1.30,398,11,1.0,1.0,scanning,192.168.1.169,0.24874371859296482,11,0,0.056980290791266666,0.0,192.168.1.152,1
156,192.168.1.31,196,6,1.0,1.0,scanning,192.168.1.133,0.37244897959183676,6,0,0.056980290791266666,0.0,192.168.1.133,1
156,192.168.1.32,406,12,1.0,1.0,scanning,192.168.1.49,0.23891625615763548,12,0,0.056980290791266666,0.0,192.168.1.49,1
157,192.168.1.30,668,10,1.0,1.0,scanning,192.168.1.152,0.5838323353293413,10,0,0.056980290791266666,0.0,192.168.1.49,2
157,192.168.1.31,126,6,1.0,1.0,scanning,192.168.1.133,0.373015873015873,6,0,0.056980290791266666,0.0,192.168.1.133,1
157,192.168.1.32,206,11,1.0,1.0,scanning,192.168.1.49,0.24271844660194175,11,0,0.056980290791266666,0.0,192.168.1.49,1
158,192.168.1.30,366,11,0.9999901915967986,1.0,scanning,192.168.1.49,0.21584699453551912,11,0,0.056980290791266666,0.0,192.168.1.186,2
158,192.168.1.31,215,6,1.0,1.0,scanning,192.168.1.133,0.3627906976744186,6,0,0.056980290791266666,0.0,192.168.1.133,1
158,192.168.1.32,418,12,0.9998086124401915,1.0,scanning,192.168.1.49,0.24880382775119617,12,0,0.056980290791266666,0.0,192.168.1.49,1
159,192.168.1.30,736,11,1.0,1.0,scanning,192.168.1.186,0.5815217391304348,11,0,0.060422887527084794,0.0,192.168.1.186,1
159,192.168.1.31,128,5,1.0,1.0,scanning,192.168.1.133,0.34375,5,0,0.060422887527084794,0.0,192.168.1.133,1
159,192.168.1.32,136,10,1.0,1.0,scanning,192.168.1.49,0.40441176470588236,10,0,0.060422887527084794,0.0,192.168.1.49,1
160,192.168.1.30,632,9,1.0,1.0,scanning,192.168.1.186,0.754746835443038,9,0,0.05698001723215135,0.0,192.168.1.186,1
160,192.168.1.31,93,5,1.0,1.0,scanning,192.168.1.133,0.3655913978494624,5,0,0.05698001723215135,0.0,192.168.1.133,1
160,192.168.1.32,275,12,1.0,1.0,scanning,192.168.1.49,0.1709090909090909,12,0,0.05698001723215135,0.0,192.168.1.49,1
161,192.168.1.30,650,8,1.0,1.0,scanning,192.168.1.186,0.6307692307692307,8,0,0.05698001723215136,0.0,192.168.1.49,1
161,192.168.1.31,117,6,1.0,1.0,scanning,192.168.1.133,0.41025641025641024,6,0,0.05698001723215136,0.0,192.168.1.49,2
161,192.168.1.32,233,12,1.0,1.0,scanning,192.168.1.49,0.21888412017167383,12,0,0.05698001723215136,0.0,192.168.1.49,1
162,192.168.1.30,370,12,1.0,1.0,scanning,192.168.1.49,0.2756756756756757,12,0,0.056980290791266666,0.0,192.168.1.49,1
162,192.168.1.31,228,5,1.0,1.0,scanning,192.168.1.49,0.37719298245614036,5,0,0.056980290791266666,0.0,192.168.1.133,1
162,192.168.1.32,402,11,1.0,1.0,scanning,192.168.1.49,0.3009950248756219,11,0,0.056980290791266666,0.0,192.168.1.49,1
163,192.168.1.30,363,11,1.0,1.0,scanning,192.168.1.49,0.325068870523416,11,0,0.056980290791266666,0.0,192.168.1.49,1
163,192.168.1.31,237,6,1.0,1.0,scanning,192.168.1.133,0.379746835443038,6,0,0.056980290791266666,0.0,192.168.1.49,1
163,192.168.1.32,400,12,1.0,1.0,scanning,192.168.1.49,0.2925,12,0,0.056980290791266666,0.0,192.168.1.49,1
164,192.168.1.30,356,11,1.0,1.0,scanning,192.168.1.49,0.31741573033707865,11,0,0.056980290791266666,0.0,192.168.1.49,1
164,192.168.1.31,211,5,1.0,1.0,scanning,192.168.1.49,0.4075829383886256,5,0,0.056980290791266666,0.0,192.168.1.49,1
164,192.168.1.32,433,11,1.0,1.0,scanning,192.168.1.49,0.27251732101616627,11,0,0.056980290791266666,0.0,192.168.1.49,1
165,192.168.1.30,316,16,0.9999156118143461,1.0,scanning,192.168.1.49,0.27848101265822783,16,0,0.042462708886709624,0.0,192.168.1.49,1
165,192.168.1.31,213,10,0.9997339593114241,1.0,scanning,192.168.1.49,0.38028169014084506,10,0,0.042462708886709624,0.0,192.168.1.49,1
165,192.168.1.32,470,16,0.9998794326241135,1.0,scanning,192.168.1.49,0.22127659574468084,16,0,0.042462708886709624,0.0,192.168.1.49,1
166,192.168.1.30,357,12,1.0,1.0,scanning,192.168.1.49,0.28291316526610644,12,0,0.05698029079126665,0.0,192.168.1.49,1
166,192.168.1.31,211,4,1.0,1.0,scanning,192.168.1.49,0.4265402843601896,4,0,0.05698029079126665,0.0,192.168.1.49,1
166,192.168.1.32,431,11,1.0,1.0,scanning,192.168.1.49,0.3039443155452436,11,0,0.05698029079126665,0.0,192.168.1.49,1
167,192.168.1.30,320,12,1.0,1.0,scanning,192.168.1.49,0.29375,12,0,0.05390849659346748,0.0,192.168.1.49,1
167,192.168.1.31,182,7,1.0,1.0,scanning,192.168.1.49,0.5,7,0,0.05390849659346748,0.0,192.168.1.49,1
167,192.168.1.32,498,11,1.0,1.0,scanning,192.168.1.49,0.24497991967871485,11,0,0.05390849659346748,0.0,192.168.1.49,1
168,192.168.1.30,342,11,1.0,1.0,scanning,192.168.1.49,0.3304093567251462,11,0,0.056980290791266666,0.0,192.168.1.49,1
168,192.168.1.31,175,6,1.0,1.0,scanning,192.168.1.49,0.5085714285714286,6,0,0.056980290791266666,0.0,192.168.1.49,1
168,192.168.1.32,483,11,1.0,1.0,scanning,192.168.1.49,0.2567287784679089,11,0,0.056980290791266666,0.0,192.168.1.49,1
169,192.168.1.30,361,15,0.9999630655586335,1.0,scanning,192.168.1.49,0.3157894736842105,15,0,0.042462708886709624,0.0,192.168.1.49,1
169,192.168.1.31,138,9,1.0,1.0,scanning,192.168.1.49,0.6014492753623188,9,0,0.042462708886709624,0.0,192.168.1.49,1
169,192.168.1.32,501,17,0.9998802395209581,1.0,scanning,192.168.1.49,0.2874251497005988,17,0,0.042462708886709624,0.0,192.168.1.133,1
170,192.168.1.30,373,11,1.0,1.0,scanning,192.168.1.49,0.30831099195710454,11,0,0.056980290791266666,0.0,192.168.1.49,1
170,192.168.1.31,147,6,1.0,1.0,scanning,192.168.1.49,0.54421768707483,6,0,0.056980290791266666,0.0,192.168.1.49,1
170,192.168.1.32,480,12,1.0,1.0,scanning,192.168.1.133,0.26458333333333334,12,0,0.056980290791266666,0.0,192.168.1.133,1
171,192.168.1.30,294,11,1.0,1.0,scanning,192.168.1.49,0.3435374149659864,11,0,0.056980290791266666,0.0,192.168.1.49,1
171,192.168.1.31,182,6,1.0,1.0,scanning,192.168.1.49,0.5274725274725275,6,0,0.056980290791266666,0.0,192.168.1.49,1
171,192.168.1.32,524,12,1.0,1.0,scanning,192.168.1.133,0.21755725190839695,12,0,0.056980290791266666,0.0,192.168.1.133,1
172,192.168.1.30,403,11,1.0,1.0,scanning,192.168.1.49,0.33002481389578164,11,0,0.056980290791266666,0.0,192.168.1.49,1
172,192.168.1.31,143,5,1.0,1.0,scanning,192.168.1.49,0.5594405594405595,5,0,0.056980290791266666,0.0,192.168.1.49,1
172,192.168.1.32,453,12,1.0,1.0,scanning,192.168.1.133,0.25386313465783666,12,0,0.056980290791266666,0.0,192.168.1.133,1
173,192.168.1.30,466,11,1.0,1.0,scanning,192.168.1.49,0.3927038626609442,11,0,0.056980290791266666,0.0,192.168.1.49,1
173,192.168.1.31,150,6,1.0,1.0,scanning,192.168.1.49,0.6666666666666666,6,0,0.056980290791266666,0.0,192.168.1.49,1
173,192.168.1.32,383,11,1.0,1.0,scanning,192.168.1.133,0.3524804177545692,11,0,0.056980290791266666,0.0,192.168.1.49,1
174,192.168.1.30,409,9,0.9999755501222494,1.0,scanning,192.168.1.49,0.45232273838630804,9,0,0.06430854072879195,0.0,192.168.1.49,1
174,192.168.1.31,171,5,1.0,1.0,scanning,192.168.1.49,0.6140350877192983,5,0,0.06430854072879195,0.0,192.168.1.49,1
174,192.168.1.32,420,10,1.0,1.0,scanning,192.168.1.49,0.3738095238095238,10,0,0.06430854072879195,0.0,176.28.50.165,3
175,192.168.1.30,127,8,1.0,1.0,scanning,192.168.1.49,0.4881889763779528,8,0,0.04464281020162224,0.0,,0
175,192.168.1.31,62,5,1.0,1.0,scanning,192.168.1.49,0.6451612903225806,5,0,0.04464281020162224,0.0,,0
175,192.168.1.32,779,13,0.9996323810035161,1.0,xss,176.28.50.165,0.2605905006418485,13,0,0.04464281020162224,0.0,176.28.50.165,1
175,192.168.1.36,28,6,1.0,1.0,xss,192.168.1.1,0.39285714285714285,6,0,0.04464281020162224,0.0,192.168.1.1,1
176,192.168.1.32,973,7,0.9996886498120905,1.0,xss,176.28.50.165,0.2528263103802672,7,0,0.08547002584822701,0.0,176.28.50.165,1
176,192.168.1.36,26,6,1.0,1.0,xss,192.168.1.1,0.34615384615384615,6,0,0.08547002584822701,0.0,192.168.1.152,2
177,192.168.1.32,984,7,0.9998024613461713,1.0,xss,176.28.50.165,0.2611788617886179,7,0,0.09345779247584732,0.0,176.28.50.165,1
177,192.168.1.36,16,3,1.0,1.0,xss,192.168.1.152,0.6875,3,0,0.09345779247584732,0.0,192.168.1.1,1
178,192.168.1.32,991,7,0.9997432626282243,1.0,xss,176.28.50.165,0.29263370332996974,7,0,0.09345779247584735,0.0,176.28.50.165,1
178,192.168.1.36,9,4,1.0,1.0,xss,192.168.1.1,0.5555555555555556,4,0,0.09345779247584735,0.0,192.168.1.152,1
179,192.168.1.32,989,7,0.9998539554483404,1.0,xss,176.28.50.165,0.33872598584428715,7,0,0.085470025848227,0.0,176.28.50.165,1
179,192.168.1.36,11,3,1.0,1.0,xss,192.168.1.152,0.5454545454545454,3,0,0.085470025848227,0.0,192.168.1.195,2
180,192.168.1.32,969,7,0.999922235512391,1.0,xss,176.28.50.165,0.3323013415892673,7,0,0.09345779247584735,0.0,176.28.50.165,1
180,192.168.1.36,31,4,0.9990686240150054,1.0,xss,192.168.1.195,0.41935483870967744,4,0,0.09345779247584735,0.0,192.168.1.1,1
181,192.168.1.32,957,7,0.9998722894140066,1.0,xss,176.28.50.165,0.29258098223615464,7,0,0.09345779247584735,0.0,176.28.50.165,1
181,192.168.1.36,42,7,0.9998290535442035,1.0,xss,192.168.1.1,0.2619047619047619,7,0,0.09345779247584735,0.0,176.28.50.165,3
182,192.168.1.32,991,8,0.9996917145236104,1.0,xss,176.28.50.165,0.34006054490413723,8,0,0.08547002584822704,0.0,176.28.50.165,1
182,192.168.1.36,8,3,0.9986212569573967,1.0,xss,176.28.50.165,0.625,3,0,0.08547002584822704,0.0,192.168.1.195,1
183,192.168.1.32,981,8,0.9997892239451313,1.0,xss,176.28.50.165,0.2038735983690112,8,0,0.08547002584822702,0.0,176.28.50.165,1
183,192.168.1.36,17,5,0.9935592701955152,1.0,xss,192.168.1.195,0.4117647058823529,5,0,0.08547002584822702,0.0,192.168.1.152,1
184,192.168.1.32,995,8,0.9994313667682938,1.0,xss,176.28.50.165,0.20100502512562815,8,0,0.08547002584822704,0.0,176.28.50.165,1
184,192.168.1.36,2,1,0.9650000000000001,0.9666666666666668,xss,192.168.1.152,1.0,1,0,0.08547002584822704,0.0,192.168.1.195,1
185,192.168.1.32,983,7,0.9994872463242019,1.0,xss,176.28.50.165,0.28687690742624616,7,0,0.09345779247584735,0.0,192.168.1.190,2
185,192.168.1.36,15,2,0.9955383383552779,0.996410124428274,xss,192.168.1.195,0.9333333333333333,2,0,0.09345779247584735,0.0,192.168.1.195,1
186,192.168.1.32,796,7,0.9998004844457373,1.0,xss,192.168.1.190,0.1670854271356784,7,0,0.09345779247584737,0.0,192.168.1.190,1
186,192.168.1.36,204,6,0.9999376516012503,1.0,xss,192.168.1.195,0.43137254901960786,6,0,0.09345779247584737,0.0,192.168.1.152,1
187,192.168.1.32,840,8,0.9997799004700164,1.0,xss,192.168.1.190,0.3,8,0,0.08547002584822702,0.0,192.168.1.195,2
187,192.168.1.36,159,7,0.999124891574209,1.0,xss,192.168.1.152,0.3018867924528302,7,0,0.08547002584822702,0.0,52.28.231.150,3
188,192.168.1.32,990,7,0.9997049165525481,1.0,xss,192.168.1.195,0.2191919191919192,7,0,0.09345779247584735,0.0,192.168.1.1,2
188,192.168.1.36,8,4,1.0,1.0,xss,52.28.231.150,0.5,4,0,0.09345779247584735,0.0,176.28.50.165,1
189,192.168.1.32,982,7,0.9997066125658338,1.0,xss,192.168.1.1,0.28716904276985744,7,0,0.09345779247584735,0.0,192.168.1.1,1
189,192.168.1.36,15,3,1.0,1.0,xss,176.28.50.165,0.8666666666666667,3,0,0.09345779247584735,0.0,,0
